config_name,dataset_name,model,roc_auc_score,lagged,filename,target
transformer_clim_5,TestCLIM_N-5_T-250/returns,transformer,0.7542517006802721,True,TestCLIM_N-5_T-250_0106.txt,1
transformer_clim_5,TestCLIM_N-5_T-250/returns,transformer,0.775,True,TestCLIM_N-5_T-250_0147.txt,1
transformer_clim_5,TestCLIM_N-5_T-250/returns,transformer,0.7637195121951219,True,TestCLIM_N-5_T-250_0034.txt,0
transformer_clim_5,TestCLIM_N-5_T-250/returns,transformer,0.8365217391304348,True,TestCLIM_N-5_T-250_0034.txt,2
transformer_clim_5,TestCLIM_N-5_T-250/returns,transformer,0.9555052790346908,True,TestCLIM_N-5_T-250_0072.txt,4
transformer_clim_5,TestCLIM_N-5_T-250/returns,transformer,0.8224222585924714,True,TestCLIM_N-5_T-250_0168.txt,0
transformer_clim_5,TestCLIM_N-5_T-250/returns,transformer,0.838888888888889,True,TestCLIM_N-5_T-250_0168.txt,3
transformer_clim_5,TestCLIM_N-5_T-250/returns,transformer,0.7348484848484849,True,TestCLIM_N-5_T-250_0149.txt,3
transformer_clim_5,TestCLIM_N-5_T-250/returns,transformer,0.6861861861861862,True,TestCLIM_N-5_T-250_0025.txt,1
transformer_clim_5,TestCLIM_N-5_T-250/returns,transformer,0.8947826086956522,True,TestCLIM_N-5_T-250_0170.txt,1
transformer_clim_5,TestCLIM_N-5_T-250/returns,transformer,0.914141414141414,True,TestCLIM_N-5_T-250_0170.txt,2
transformer_clim_5,TestCLIM_N-5_T-250/returns,transformer,0.8199672667757775,True,TestCLIM_N-5_T-250_0170.txt,4
transformer_clim_5,TestCLIM_N-5_T-250/returns,transformer,0.856711915535445,True,TestCLIM_N-5_T-250_0161.txt,3
transformer_clim_5,TestCLIM_N-5_T-250/returns,transformer,0.8722570532915361,True,TestCLIM_N-5_T-250_0161.txt,4
transformer_clim_5,TestCLIM_N-5_T-250/returns,transformer,0.9826546003016592,True,TestCLIM_N-5_T-250_0068.txt,0
transformer_clim_5,TestCLIM_N-5_T-250/returns,transformer,0.996189024390244,True,TestCLIM_N-5_T-250_0068.txt,2
transformer_clim_5,TestCLIM_N-5_T-250/returns,transformer,0.7496229260935143,True,TestCLIM_N-5_T-250_0068.txt,4
transformer_clim_5,TestCLIM_N-5_T-250/returns,transformer,0.8742424242424243,True,TestCLIM_N-5_T-250_0102.txt,2
transformer_clim_5,TestCLIM_N-5_T-250/returns,transformer,0.7356060606060606,True,TestCLIM_N-5_T-250_0050.txt,1
transformer_clim_5,TestCLIM_N-5_T-250/returns,transformer,0.8452380952380953,True,TestCLIM_N-5_T-250_0050.txt,2
transformer_clim_5,TestCLIM_N-5_T-250/returns,transformer,0.924812030075188,True,TestCLIM_N-5_T-250_0140.txt,1
transformer_clim_5,TestCLIM_N-5_T-250/returns,transformer,0.9087481146304676,True,TestCLIM_N-5_T-250_0062.txt,3
transformer_clim_5,TestCLIM_N-5_T-250/returns,transformer,0.7390648567119156,True,TestCLIM_N-5_T-250_0045.txt,4
transformer_clim_5,TestCLIM_N-5_T-250/returns,transformer,0.9424242424242424,True,TestCLIM_N-5_T-250_0189.txt,1
transformer_clim_5,TestCLIM_N-5_T-250/returns,transformer,0.9568181818181818,True,TestCLIM_N-5_T-250_0189.txt,4
transformer_clim_5,TestCLIM_N-5_T-250/returns,transformer,0.9177115987460814,True,TestCLIM_N-5_T-250_0070.txt,2
transformer_clim_5,TestCLIM_N-5_T-250/returns,transformer,0.9600340136054422,True,TestCLIM_N-5_T-250_0070.txt,4
transformer_clim_5,TestCLIM_N-5_T-250/returns,transformer,0.8620426829268293,True,TestCLIM_N-5_T-250_0167.txt,0
transformer_clim_5,TestCLIM_N-5_T-250/returns,transformer,0.9323308270676692,True,TestCLIM_N-5_T-250_0167.txt,1
transformer_clim_5,TestCLIM_N-5_T-250/returns,transformer,0.875968992248062,True,TestCLIM_N-5_T-250_0167.txt,2
transformer_clim_5,TestCLIM_N-5_T-250/returns,transformer,0.7119815668202766,True,TestCLIM_N-5_T-250_0023.txt,0
transformer_clim_5,TestCLIM_N-5_T-250/returns,transformer,0.7285067873303167,True,TestCLIM_N-5_T-250_0023.txt,2
transformer_clim_5,TestCLIM_N-5_T-250/returns,transformer,0.8567073170731708,True,TestCLIM_N-5_T-250_0033.txt,1
transformer_clim_5,TestCLIM_N-5_T-250/returns,transformer,0.8693693693693694,True,TestCLIM_N-5_T-250_0033.txt,3
transformer_clim_5,TestCLIM_N-5_T-250/returns,transformer,0.4789789789789789,True,TestCLIM_N-5_T-250_0184.txt,1
transformer_clim_5,TestCLIM_N-5_T-250/returns,transformer,0.8693693693693694,True,TestCLIM_N-5_T-250_0030.txt,1
transformer_clim_5,TestCLIM_N-5_T-250/returns,transformer,0.8547826086956523,True,TestCLIM_N-5_T-250_0121.txt,0
transformer_clim_5,TestCLIM_N-5_T-250/returns,transformer,0.9036050156739812,True,TestCLIM_N-5_T-250_0121.txt,1
transformer_clim_5,TestCLIM_N-5_T-250/returns,transformer,0.9041666666666668,True,TestCLIM_N-5_T-250_0121.txt,3
transformer_clim_5,TestCLIM_N-5_T-250/returns,transformer,0.8707037643207856,True,TestCLIM_N-5_T-250_0179.txt,0
transformer_clim_5,TestCLIM_N-5_T-250/returns,transformer,0.8515873015873016,True,TestCLIM_N-5_T-250_0094.txt,0
transformer_clim_5,TestCLIM_N-5_T-250/returns,transformer,0.8948170731707318,True,TestCLIM_N-5_T-250_0094.txt,4
lstm_7ts2h_2,SynthNonlin/7ts2h,LSTM,0.9727948631294356,True,data_9.csv,E
lstm_7ts2h_2,SynthNonlin/7ts2h,LSTM,0.984763099219621,True,data_9.csv,B
lstm_7ts2h_2,SynthNonlin/7ts2h,LSTM,0.9778516706870364,True,data_9.csv,F
lstm_7ts2h_2,SynthNonlin/7ts2h,LSTM,0.970140277758353,True,data_9.csv,C
lstm_7ts2h_2,SynthNonlin/7ts2h,LSTM,0.976481462892324,True,data_9.csv,H
lstm_7ts2h_2,SynthNonlin/7ts2h,LSTM,0.9655650070235676,True,data_9.csv,D
lstm_7ts2h_2,SynthNonlin/7ts2h,LSTM,0.9938538317256164,True,data_0.csv,E
lstm_7ts2h_2,SynthNonlin/7ts2h,LSTM,0.9848743374218544,True,data_0.csv,B
lstm_7ts2h_2,SynthNonlin/7ts2h,LSTM,0.9661561264822136,True,data_0.csv,F
lstm_7ts2h_2,SynthNonlin/7ts2h,LSTM,0.7437048104372883,True,data_0.csv,C
lstm_7ts2h_2,SynthNonlin/7ts2h,LSTM,0.9403373392126848,True,data_0.csv,H
lstm_7ts2h_2,SynthNonlin/7ts2h,LSTM,0.913944284181334,True,data_0.csv,D
lstm_7ts2h_2,SynthNonlin/7ts2h,LSTM,0.9315001310898968,True,data_6.csv,E
lstm_7ts2h_2,SynthNonlin/7ts2h,LSTM,0.9704300392176792,True,data_6.csv,H
lstm_7ts2h_2,SynthNonlin/7ts2h,LSTM,0.8841383660902377,True,data_6.csv,D
lstm_7ts2h_2,SynthNonlin/7ts2h,LSTM,0.9807632137669012,True,data_6.csv,A
lstm_7ts2h_2,SynthNonlin/7ts2h,LSTM,0.881350149449588,True,data_4.csv,E
lstm_7ts2h_2,SynthNonlin/7ts2h,LSTM,0.8806480023486082,True,data_4.csv,F
lstm_7ts2h_2,SynthNonlin/7ts2h,LSTM,0.9090651807859468,True,data_4.csv,H
lstm_7ts2h_2,SynthNonlin/7ts2h,LSTM,0.9127114522289972,True,data_4.csv,D
lstm_7ts2h_2,SynthNonlin/7ts2h,LSTM,0.9174442795948416,True,data_4.csv,A
lstm_7ts2h_2,SynthNonlin/7ts2h,LSTM,0.8606668897067022,True,data_5.csv,E
lstm_7ts2h_2,SynthNonlin/7ts2h,LSTM,0.8826836917562725,True,data_5.csv,B
lstm_7ts2h_2,SynthNonlin/7ts2h,LSTM,0.9279883171151372,True,data_5.csv,H
lstm_7ts2h_2,SynthNonlin/7ts2h,LSTM,0.7732379276496923,True,data_5.csv,D
lstm_7ts2h_2,SynthNonlin/7ts2h,LSTM,0.8779386524666636,True,data_5.csv,A
lstm_7ts2h_2,SynthNonlin/7ts2h,LSTM,0.8593714761679951,True,data_1.csv,E
lstm_7ts2h_2,SynthNonlin/7ts2h,LSTM,0.9281036382442884,True,data_1.csv,F
lstm_7ts2h_2,SynthNonlin/7ts2h,LSTM,0.8192805958558369,True,data_1.csv,H
lstm_7ts2h_2,SynthNonlin/7ts2h,LSTM,0.9132841189573174,True,data_8.csv,E
lstm_7ts2h_2,SynthNonlin/7ts2h,LSTM,0.9566218842133476,True,data_8.csv,B
lstm_7ts2h_2,SynthNonlin/7ts2h,LSTM,0.7817134400930182,True,data_8.csv,F
lstm_7ts2h_2,SynthNonlin/7ts2h,LSTM,0.929049741739192,True,data_8.csv,H
lstm_7ts2h_2,SynthNonlin/7ts2h,LSTM,0.7990840904027526,True,data_8.csv,D
lstm_7ts2h_2,SynthNonlin/7ts2h,LSTM,0.99378236030525,True,data_8.csv,A
lstm_7ts2h_2,SynthNonlin/7ts2h,LSTM,0.99462825196338,True,data_3.csv,E
lstm_7ts2h_2,SynthNonlin/7ts2h,LSTM,0.8156935529605857,True,data_3.csv,B
lstm_7ts2h_2,SynthNonlin/7ts2h,LSTM,0.8634589363232579,True,data_3.csv,F
lstm_7ts2h_2,SynthNonlin/7ts2h,LSTM,0.946164471481192,True,data_3.csv,H
lstm_7ts2h_2,SynthNonlin/7ts2h,LSTM,0.9386465986191868,True,data_3.csv,D
lstm_7ts2h_2,SynthNonlin/7ts2h,LSTM,0.9981544517578708,True,data_3.csv,A
lstm_7ts2h_2,SynthNonlin/7ts2h,LSTM,0.931011585840546,True,data_2.csv,E
lstm_7ts2h_2,SynthNonlin/7ts2h,LSTM,0.9972435897435896,True,data_2.csv,B
lstm_7ts2h_2,SynthNonlin/7ts2h,LSTM,0.8084402461114688,True,data_2.csv,C
lstm_7ts2h_2,SynthNonlin/7ts2h,LSTM,0.9788112265003824,True,data_2.csv,H
lstm_7ts2h_2,SynthNonlin/7ts2h,LSTM,0.9685920370130896,True,data_2.csv,D
lstm_7ts2h_2,SynthNonlin/7ts2h,LSTM,0.94816382538976,True,data_2.csv,A
lstm_7ts2h_2,SynthNonlin/7ts2h,LSTM,0.8933910582433133,True,data_7.csv,E
lstm_7ts2h_2,SynthNonlin/7ts2h,LSTM,0.9582393502097676,True,data_7.csv,B
lstm_7ts2h_2,SynthNonlin/7ts2h,LSTM,0.9456581716456216,True,data_7.csv,F
lstm_7ts2h_2,SynthNonlin/7ts2h,LSTM,0.9627485958775244,True,data_7.csv,C
lstm_7ts2h_2,SynthNonlin/7ts2h,LSTM,0.9370176686329472,True,data_7.csv,H
xcm_clim_2,TestCLIM_N-5_T-250/returns,XCM_pytorch,0.8924731182795699,True,TestCLIM_N-5_T-250_0049.txt,4
xcm_clim_2,TestCLIM_N-5_T-250/returns,XCM_pytorch,0.8134796238244514,True,TestCLIM_N-5_T-250_0129.txt,4
xcm_clim_2,TestCLIM_N-5_T-250/returns,XCM_pytorch,0.7585271317829457,True,TestCLIM_N-5_T-250_0106.txt,0
xcm_clim_2,TestCLIM_N-5_T-250/returns,XCM_pytorch,0.7491496598639455,True,TestCLIM_N-5_T-250_0106.txt,1
xcm_clim_2,TestCLIM_N-5_T-250/returns,XCM_pytorch,0.8036786786786787,True,TestCLIM_N-5_T-250_0067.txt,0
xcm_clim_2,TestCLIM_N-5_T-250/returns,XCM_pytorch,0.8509908536585366,True,TestCLIM_N-5_T-250_0034.txt,0
xcm_clim_2,TestCLIM_N-5_T-250/returns,XCM_pytorch,0.8826086956521739,True,TestCLIM_N-5_T-250_0034.txt,2
xcm_clim_2,TestCLIM_N-5_T-250/returns,XCM_pytorch,0.893048128342246,True,TestCLIM_N-5_T-250_0034.txt,4
xcm_clim_2,TestCLIM_N-5_T-250/returns,XCM_pytorch,0.8003003003003003,True,TestCLIM_N-5_T-250_0072.txt,3
xcm_clim_2,TestCLIM_N-5_T-250/returns,XCM_pytorch,0.9622926093514328,True,TestCLIM_N-5_T-250_0072.txt,4
xcm_clim_2,TestCLIM_N-5_T-250/returns,XCM_pytorch,0.7571644042232278,True,TestCLIM_N-5_T-250_0085.txt,0
xcm_clim_2,TestCLIM_N-5_T-250/returns,XCM_pytorch,0.6120300751879699,True,TestCLIM_N-5_T-250_0126.txt,2
xcm_clim_2,TestCLIM_N-5_T-250/returns,XCM_pytorch,0.7472570532915361,True,TestCLIM_N-5_T-250_0064.txt,4
xcm_clim_2,TestCLIM_N-5_T-250/returns,XCM_pytorch,0.7360482654600302,True,TestCLIM_N-5_T-250_0089.txt,2
xcm_clim_2,TestCLIM_N-5_T-250/returns,XCM_pytorch,0.9443478260869566,True,TestCLIM_N-5_T-250_0093.txt,0
xcm_clim_2,TestCLIM_N-5_T-250/returns,XCM_pytorch,0.7897897897897899,True,TestCLIM_N-5_T-250_0093.txt,1
xcm_clim_2,TestCLIM_N-5_T-250/returns,XCM_pytorch,0.8803353658536585,True,TestCLIM_N-5_T-250_0093.txt,3
xcm_clim_2,TestCLIM_N-5_T-250/returns,XCM_pytorch,0.8469721767594108,True,TestCLIM_N-5_T-250_0168.txt,0
xcm_clim_2,TestCLIM_N-5_T-250/returns,XCM_pytorch,0.8777777777777778,True,TestCLIM_N-5_T-250_0168.txt,3
xcm_clim_2,TestCLIM_N-5_T-250/returns,XCM_pytorch,0.7102102102102102,True,TestCLIM_N-5_T-250_0155.txt,4
xcm_clim_2,TestCLIM_N-5_T-250/returns,XCM_pytorch,0.6425339366515838,True,TestCLIM_N-5_T-250_0166.txt,2
xcm_clim_2,TestCLIM_N-5_T-250/returns,XCM_pytorch,0.8473913043478262,True,TestCLIM_N-5_T-250_0170.txt,1
xcm_clim_2,TestCLIM_N-5_T-250/returns,XCM_pytorch,0.9191919191919192,True,TestCLIM_N-5_T-250_0170.txt,2
xcm_clim_2,TestCLIM_N-5_T-250/returns,XCM_pytorch,0.9018003273322422,True,TestCLIM_N-5_T-250_0170.txt,4
xcm_clim_2,TestCLIM_N-5_T-250/returns,XCM_pytorch,0.837173579109063,True,TestCLIM_N-5_T-250_0161.txt,0
xcm_clim_2,TestCLIM_N-5_T-250/returns,XCM_pytorch,0.8680241327300151,True,TestCLIM_N-5_T-250_0161.txt,3
xcm_clim_2,TestCLIM_N-5_T-250/returns,XCM_pytorch,0.896551724137931,True,TestCLIM_N-5_T-250_0161.txt,4
xcm_clim_2,TestCLIM_N-5_T-250/returns,XCM_pytorch,0.7837209302325581,True,TestCLIM_N-5_T-250_0163.txt,0
xcm_clim_2,TestCLIM_N-5_T-250/returns,XCM_pytorch,0.9841628959276018,True,TestCLIM_N-5_T-250_0068.txt,0
xcm_clim_2,TestCLIM_N-5_T-250/returns,XCM_pytorch,0.980564024390244,True,TestCLIM_N-5_T-250_0068.txt,2
xcm_clim_2,TestCLIM_N-5_T-250/returns,XCM_pytorch,0.8810606060606061,True,TestCLIM_N-5_T-250_0102.txt,2
xcm_clim_2,TestCLIM_N-5_T-250/returns,XCM_pytorch,0.8775000000000001,True,TestCLIM_N-5_T-250_0102.txt,3
xcm_clim_2,TestCLIM_N-5_T-250/returns,XCM_pytorch,0.8045454545454546,True,TestCLIM_N-5_T-250_0050.txt,1
xcm_clim_2,TestCLIM_N-5_T-250/returns,XCM_pytorch,0.8911564625850341,True,TestCLIM_N-5_T-250_0050.txt,2
xcm_clim_2,TestCLIM_N-5_T-250/returns,XCM_pytorch,0.9154589371980676,True,TestCLIM_N-5_T-250_0050.txt,3
xcm_clim_2,TestCLIM_N-5_T-250/returns,XCM_pytorch,0.913109756097561,True,TestCLIM_N-5_T-250_0050.txt,4
xcm_clim_2,TestCLIM_N-5_T-250/returns,XCM_pytorch,0.91203007518797,True,TestCLIM_N-5_T-250_0140.txt,1
xcm_clim_2,TestCLIM_N-5_T-250/returns,XCM_pytorch,0.8142857142857143,True,TestCLIM_N-5_T-250_0140.txt,2
xcm_clim_2,TestCLIM_N-5_T-250/returns,XCM_pytorch,0.933634992458522,True,TestCLIM_N-5_T-250_0062.txt,3
xcm_clim_2,TestCLIM_N-5_T-250/returns,XCM_pytorch,0.8653846153846154,True,TestCLIM_N-5_T-250_0144.txt,3
xcm_clim_2,TestCLIM_N-5_T-250/returns,XCM_pytorch,0.7873303167420814,True,TestCLIM_N-5_T-250_0045.txt,4
xcm_clim_2,TestCLIM_N-5_T-250/returns,XCM_pytorch,0.9166666666666669,True,TestCLIM_N-5_T-250_0189.txt,1
xcm_clim_2,TestCLIM_N-5_T-250/returns,XCM_pytorch,0.9613636363636364,True,TestCLIM_N-5_T-250_0189.txt,4
xcm_clim_2,TestCLIM_N-5_T-250/returns,XCM_pytorch,0.900921658986175,True,TestCLIM_N-5_T-250_0070.txt,0
xcm_clim_2,TestCLIM_N-5_T-250/returns,XCM_pytorch,0.8989028213166145,True,TestCLIM_N-5_T-250_0070.txt,2
xcm_clim_2,TestCLIM_N-5_T-250/returns,XCM_pytorch,0.9651360544217686,True,TestCLIM_N-5_T-250_0070.txt,4
xcm_clim_2,TestCLIM_N-5_T-250/returns,XCM_pytorch,0.8940548780487805,True,TestCLIM_N-5_T-250_0167.txt,0
xcm_clim_2,TestCLIM_N-5_T-250/returns,XCM_pytorch,0.9195488721804512,True,TestCLIM_N-5_T-250_0167.txt,1
xcm_clim_2,TestCLIM_N-5_T-250/returns,XCM_pytorch,0.8899224806201551,True,TestCLIM_N-5_T-250_0167.txt,2
xcm_clim_2,TestCLIM_N-5_T-250/returns,XCM_pytorch,0.8361280487804879,True,TestCLIM_N-5_T-250_0173.txt,3
xcm_clim_2,TestCLIM_N-5_T-250/returns,XCM_pytorch,0.7204347826086956,True,TestCLIM_N-5_T-250_0173.txt,4
xcm_clim_2,TestCLIM_N-5_T-250/returns,XCM_pytorch,0.8338345864661654,True,TestCLIM_N-5_T-250_0197.txt,0
xcm_clim_2,TestCLIM_N-5_T-250/returns,XCM_pytorch,0.9141666666666668,True,TestCLIM_N-5_T-250_0056.txt,3
xcm_clim_2,TestCLIM_N-5_T-250/returns,XCM_pytorch,0.9054878048780488,True,TestCLIM_N-5_T-250_0033.txt,1
xcm_clim_2,TestCLIM_N-5_T-250/returns,XCM_pytorch,0.666920731707317,True,TestCLIM_N-5_T-250_0033.txt,2
xcm_clim_2,TestCLIM_N-5_T-250/returns,XCM_pytorch,0.8866366366366367,True,TestCLIM_N-5_T-250_0033.txt,3
xcm_clim_2,TestCLIM_N-5_T-250/returns,XCM_pytorch,0.756060606060606,True,TestCLIM_N-5_T-250_0035.txt,0
xcm_clim_2,TestCLIM_N-5_T-250/returns,XCM_pytorch,0.8656156156156156,True,TestCLIM_N-5_T-250_0030.txt,1
xcm_clim_2,TestCLIM_N-5_T-250/returns,XCM_pytorch,0.756006006006006,True,TestCLIM_N-5_T-250_0027.txt,4
xcm_clim_2,TestCLIM_N-5_T-250/returns,XCM_pytorch,0.7938871473354232,True,TestCLIM_N-5_T-250_0124.txt,0
xcm_clim_2,TestCLIM_N-5_T-250/returns,XCM_pytorch,0.8904347826086956,True,TestCLIM_N-5_T-250_0121.txt,0
xcm_clim_2,TestCLIM_N-5_T-250/returns,XCM_pytorch,0.8863636363636364,True,TestCLIM_N-5_T-250_0121.txt,1
xcm_clim_2,TestCLIM_N-5_T-250/returns,XCM_pytorch,0.9041666666666668,True,TestCLIM_N-5_T-250_0121.txt,3
xcm_clim_2,TestCLIM_N-5_T-250/returns,XCM_pytorch,0.6954887218045114,True,TestCLIM_N-5_T-250_0174.txt,3
xcm_clim_2,TestCLIM_N-5_T-250/returns,XCM_pytorch,0.8738095238095238,True,TestCLIM_N-5_T-250_0094.txt,0
xcm_clim_2,TestCLIM_N-5_T-250/returns,XCM_pytorch,0.7734848484848486,True,TestCLIM_N-5_T-250_0094.txt,2
xcm_clim_2,TestCLIM_N-5_T-250/returns,XCM_pytorch,0.913109756097561,True,TestCLIM_N-5_T-250_0094.txt,4
dcam_fmri_2,fMRI_processed_by_Nauta/returns/our_selection,dCAM,0.8163558106169296,True,timeseries24.csv,1
dcam_fmri_2,fMRI_processed_by_Nauta/returns/our_selection,dCAM,0.7989203778677463,True,timeseries24.csv,2
dcam_fmri_2,fMRI_processed_by_Nauta/returns/our_selection,dCAM,0.7840755735492577,True,timeseries24.csv,3
dcam_fmri_2,fMRI_processed_by_Nauta/returns/our_selection,dCAM,0.7555555555555555,True,timeseries24.csv,4
dcam_fmri_2,fMRI_processed_by_Nauta/returns/our_selection,dCAM,0.6531862745098039,True,timeseries8.csv,0
dcam_fmri_2,fMRI_processed_by_Nauta/returns/our_selection,dCAM,0.8078947368421053,True,timeseries8.csv,1
dcam_fmri_2,fMRI_processed_by_Nauta/returns/our_selection,dCAM,0.985156685884322,True,timeseries20.csv,0
dcam_fmri_2,fMRI_processed_by_Nauta/returns/our_selection,dCAM,0.9920542635658915,True,timeseries20.csv,1
dcam_fmri_2,fMRI_processed_by_Nauta/returns/our_selection,dCAM,0.9908343400491018,True,timeseries20.csv,2
dcam_fmri_2,fMRI_processed_by_Nauta/returns/our_selection,dCAM,0.9967824917202264,True,timeseries20.csv,4
dcam_fmri_2,fMRI_processed_by_Nauta/returns/our_selection,dCAM,0.7115151515151515,True,timeseries13.csv,0
dcam_fmri_2,fMRI_processed_by_Nauta/returns/our_selection,dCAM,0.7395459976105137,True,timeseries23.csv,0
dcam_fmri_2,fMRI_processed_by_Nauta/returns/our_selection,dCAM,0.803088803088803,True,timeseries23.csv,1
dcam_fmri_2,fMRI_processed_by_Nauta/returns/our_selection,dCAM,0.7830882352941176,True,timeseries23.csv,2
dcam_fmri_2,fMRI_processed_by_Nauta/returns/our_selection,dCAM,0.759809750297265,True,timeseries23.csv,3
dcam_fmri_2,fMRI_processed_by_Nauta/returns/our_selection,dCAM,0.7678571428571429,True,timeseries23.csv,4
dcam_fmri_2,fMRI_processed_by_Nauta/returns/our_selection,dCAM,0.6396396396396397,True,timeseries16.csv,0
dcam_fmri_2,fMRI_processed_by_Nauta/returns/our_selection,dCAM,0.987467442213579,True,timeseries19.csv,0
dcam_fmri_2,fMRI_processed_by_Nauta/returns/our_selection,dCAM,0.9936410907791848,True,timeseries19.csv,1
dcam_fmri_2,fMRI_processed_by_Nauta/returns/our_selection,dCAM,0.9932926829268292,True,timeseries19.csv,2
dcam_fmri_2,fMRI_processed_by_Nauta/returns/our_selection,dCAM,0.9972768248403656,True,timeseries19.csv,4
dcam_fmri_2,fMRI_processed_by_Nauta/returns/our_selection,dCAM,0.717948717948718,True,timeseries10.csv,0
dcam_fmri_2,fMRI_processed_by_Nauta/returns/our_selection,dCAM,0.8321078431372548,True,timeseries15.csv,1
dcam_fmri_2,fMRI_processed_by_Nauta/returns/our_selection,dCAM,0.6642771804062126,True,timeseries14.csv,1
dcam_fmri_2,fMRI_processed_by_Nauta/returns/our_selection,dCAM,0.6296296296296297,True,timeseries14.csv,3
lstm_fmri_2,fMRI_processed_by_Nauta/returns/our_selection,LSTM,0.8333333333333334,True,timeseries18.csv,1
lstm_fmri_2,fMRI_processed_by_Nauta/returns/our_selection,LSTM,0.7348777348777348,True,timeseries24.csv,0
lstm_fmri_2,fMRI_processed_by_Nauta/returns/our_selection,LSTM,0.8206599713055954,True,timeseries24.csv,1
lstm_fmri_2,fMRI_processed_by_Nauta/returns/our_selection,LSTM,0.757085020242915,True,timeseries24.csv,2
lstm_fmri_2,fMRI_processed_by_Nauta/returns/our_selection,LSTM,0.8043184885290149,True,timeseries24.csv,3
lstm_fmri_2,fMRI_processed_by_Nauta/returns/our_selection,LSTM,0.7666666666666666,True,timeseries24.csv,4
lstm_fmri_2,fMRI_processed_by_Nauta/returns/our_selection,LSTM,0.7095588235294118,True,timeseries8.csv,0
lstm_fmri_2,fMRI_processed_by_Nauta/returns/our_selection,LSTM,0.8197368421052631,True,timeseries8.csv,1
lstm_fmri_2,fMRI_processed_by_Nauta/returns/our_selection,LSTM,0.9897131299981404,True,timeseries20.csv,0
lstm_fmri_2,fMRI_processed_by_Nauta/returns/our_selection,LSTM,0.99421834625323,True,timeseries20.csv,1
lstm_fmri_2,fMRI_processed_by_Nauta/returns/our_selection,LSTM,0.9949651221698296,True,timeseries20.csv,2
lstm_fmri_2,fMRI_processed_by_Nauta/returns/our_selection,LSTM,0.9964480504845616,True,timeseries20.csv,3
lstm_fmri_2,fMRI_processed_by_Nauta/returns/our_selection,LSTM,0.996774624951816,True,timeseries20.csv,4
lstm_fmri_2,fMRI_processed_by_Nauta/returns/our_selection,LSTM,0.7113399488235661,True,timeseries9.csv,0
lstm_fmri_2,fMRI_processed_by_Nauta/returns/our_selection,LSTM,0.7183361242881271,True,timeseries9.csv,1
lstm_fmri_2,fMRI_processed_by_Nauta/returns/our_selection,LSTM,0.6937270952037022,True,timeseries9.csv,2
lstm_fmri_2,fMRI_processed_by_Nauta/returns/our_selection,LSTM,0.7045548938415439,True,timeseries9.csv,3
lstm_fmri_2,fMRI_processed_by_Nauta/returns/our_selection,LSTM,0.691038334602691,True,timeseries5.csv,0
lstm_fmri_2,fMRI_processed_by_Nauta/returns/our_selection,LSTM,0.7153629536921151,True,timeseries5.csv,1
lstm_fmri_2,fMRI_processed_by_Nauta/returns/our_selection,LSTM,0.7614267676767678,True,timeseries5.csv,3
lstm_fmri_2,fMRI_processed_by_Nauta/returns/our_selection,LSTM,0.6956004756242568,True,timeseries21.csv,0
lstm_fmri_2,fMRI_processed_by_Nauta/returns/our_selection,LSTM,0.7550776583034647,True,timeseries21.csv,3
lstm_fmri_2,fMRI_processed_by_Nauta/returns/our_selection,LSTM,0.7323775388291518,True,timeseries23.csv,0
lstm_fmri_2,fMRI_processed_by_Nauta/returns/our_selection,LSTM,0.8249678249678251,True,timeseries23.csv,1
lstm_fmri_2,fMRI_processed_by_Nauta/returns/our_selection,LSTM,0.7892156862745099,True,timeseries23.csv,2
lstm_fmri_2,fMRI_processed_by_Nauta/returns/our_selection,LSTM,0.7752675386444708,True,timeseries23.csv,3
lstm_fmri_2,fMRI_processed_by_Nauta/returns/our_selection,LSTM,0.7488095238095238,True,timeseries23.csv,4
lstm_fmri_2,fMRI_processed_by_Nauta/returns/our_selection,LSTM,0.8318452380952381,True,timeseries22.csv,1
lstm_fmri_2,fMRI_processed_by_Nauta/returns/our_selection,LSTM,0.7065637065637065,True,timeseries16.csv,0
lstm_fmri_2,fMRI_processed_by_Nauta/returns/our_selection,LSTM,0.760248447204969,True,timeseries16.csv,1
lstm_fmri_2,fMRI_processed_by_Nauta/returns/our_selection,LSTM,0.7202380952380952,True,timeseries16.csv,2
lstm_fmri_2,fMRI_processed_by_Nauta/returns/our_selection,LSTM,0.6426767676767676,True,timeseries16.csv,3
lstm_fmri_2,fMRI_processed_by_Nauta/returns/our_selection,LSTM,0.9892077507971548,True,timeseries19.csv,0
lstm_fmri_2,fMRI_processed_by_Nauta/returns/our_selection,LSTM,0.9947604493311636,True,timeseries19.csv,1
lstm_fmri_2,fMRI_processed_by_Nauta/returns/our_selection,LSTM,0.995636680392778,True,timeseries19.csv,2
lstm_fmri_2,fMRI_processed_by_Nauta/returns/our_selection,LSTM,0.9928842958671504,True,timeseries19.csv,3
lstm_fmri_2,fMRI_processed_by_Nauta/returns/our_selection,LSTM,0.9972455239764618,True,timeseries19.csv,4
lstm_fmri_2,fMRI_processed_by_Nauta/returns/our_selection,LSTM,0.703913037193368,True,timeseries7.csv,0
lstm_fmri_2,fMRI_processed_by_Nauta/returns/our_selection,LSTM,0.6902337814248629,True,timeseries7.csv,1
lstm_fmri_2,fMRI_processed_by_Nauta/returns/our_selection,LSTM,0.6931424728875153,True,timeseries7.csv,2
lstm_fmri_2,fMRI_processed_by_Nauta/returns/our_selection,LSTM,0.7097765979786668,True,timeseries7.csv,3
lstm_fmri_2,fMRI_processed_by_Nauta/returns/our_selection,LSTM,0.7813765182186234,True,timeseries10.csv,0
lstm_fmri_2,fMRI_processed_by_Nauta/returns/our_selection,LSTM,0.8124156545209177,True,timeseries10.csv,1
lstm_fmri_2,fMRI_processed_by_Nauta/returns/our_selection,LSTM,0.7027348394768133,True,timeseries1.csv,0
lstm_fmri_2,fMRI_processed_by_Nauta/returns/our_selection,LSTM,0.7824967824967825,True,timeseries1.csv,1
lstm_fmri_2,fMRI_processed_by_Nauta/returns/our_selection,LSTM,0.7682198327359618,True,timeseries1.csv,3
lstm_fmri_2,fMRI_processed_by_Nauta/returns/our_selection,LSTM,0.7091377091377091,True,timeseries15.csv,0
lstm_fmri_2,fMRI_processed_by_Nauta/returns/our_selection,LSTM,0.8517156862745099,True,timeseries15.csv,1
lstm_fmri_2,fMRI_processed_by_Nauta/returns/our_selection,LSTM,0.7729988052568697,True,timeseries15.csv,3
lstm_fmri_2,fMRI_processed_by_Nauta/returns/our_selection,LSTM,0.7760617760617762,True,timeseries15.csv,4
lstm_fmri_2,fMRI_processed_by_Nauta/returns/our_selection,LSTM,0.7196969696969697,True,timeseries14.csv,0
lstm_fmri_2,fMRI_processed_by_Nauta/returns/our_selection,LSTM,0.6117084826762246,True,timeseries14.csv,1
lstm_fmri_2,fMRI_processed_by_Nauta/returns/our_selection,LSTM,0.6714456391875747,True,timeseries14.csv,3
dcam_clim_2,TestCLIM_N-5_T-250/returns,dCAM,0.8579931972789115,True,TestCLIM_N-5_T-250_0129.txt,0
dcam_clim_2,TestCLIM_N-5_T-250/returns,dCAM,0.8424764890282133,True,TestCLIM_N-5_T-250_0129.txt,4
dcam_clim_2,TestCLIM_N-5_T-250/returns,dCAM,0.8163265306122449,True,TestCLIM_N-5_T-250_0106.txt,1
dcam_clim_2,TestCLIM_N-5_T-250/returns,dCAM,0.7027649769585254,True,TestCLIM_N-5_T-250_0006.txt,0
dcam_clim_2,TestCLIM_N-5_T-250/returns,dCAM,0.8663663663663663,True,TestCLIM_N-5_T-250_0067.txt,0
dcam_clim_2,TestCLIM_N-5_T-250/returns,dCAM,0.8528963414634145,True,TestCLIM_N-5_T-250_0034.txt,0
dcam_clim_2,TestCLIM_N-5_T-250/returns,dCAM,0.8643478260869566,True,TestCLIM_N-5_T-250_0034.txt,2
dcam_clim_2,TestCLIM_N-5_T-250/returns,dCAM,0.8992869875222816,True,TestCLIM_N-5_T-250_0034.txt,4
dcam_clim_2,TestCLIM_N-5_T-250/returns,dCAM,0.9645550527903468,True,TestCLIM_N-5_T-250_0072.txt,4
dcam_clim_2,TestCLIM_N-5_T-250/returns,dCAM,0.7815315315315317,True,TestCLIM_N-5_T-250_0009.txt,4
dcam_clim_2,TestCLIM_N-5_T-250/returns,dCAM,0.8009049773755657,True,TestCLIM_N-5_T-250_0085.txt,0
dcam_clim_2,TestCLIM_N-5_T-250/returns,dCAM,0.9556521739130436,True,TestCLIM_N-5_T-250_0093.txt,0
dcam_clim_2,TestCLIM_N-5_T-250/returns,dCAM,0.8191489361702128,True,TestCLIM_N-5_T-250_0168.txt,0
dcam_clim_2,TestCLIM_N-5_T-250/returns,dCAM,0.8238095238095238,True,TestCLIM_N-5_T-250_0168.txt,3
dcam_clim_2,TestCLIM_N-5_T-250/returns,dCAM,0.7628787878787879,True,TestCLIM_N-5_T-250_0190.txt,4
dcam_clim_2,TestCLIM_N-5_T-250/returns,dCAM,0.8304347826086956,True,TestCLIM_N-5_T-250_0170.txt,1
dcam_clim_2,TestCLIM_N-5_T-250/returns,dCAM,0.8393939393939394,True,TestCLIM_N-5_T-250_0170.txt,2
dcam_clim_2,TestCLIM_N-5_T-250/returns,dCAM,0.8191489361702128,True,TestCLIM_N-5_T-250_0170.txt,4
dcam_clim_2,TestCLIM_N-5_T-250/returns,dCAM,0.8672699849170438,True,TestCLIM_N-5_T-250_0161.txt,3
dcam_clim_2,TestCLIM_N-5_T-250/returns,dCAM,0.890282131661442,True,TestCLIM_N-5_T-250_0161.txt,4
dcam_clim_2,TestCLIM_N-5_T-250/returns,dCAM,0.9743589743589745,True,TestCLIM_N-5_T-250_0068.txt,0
dcam_clim_2,TestCLIM_N-5_T-250/returns,dCAM,0.9565548780487804,True,TestCLIM_N-5_T-250_0068.txt,2
dcam_clim_2,TestCLIM_N-5_T-250/returns,dCAM,0.7871212121212121,True,TestCLIM_N-5_T-250_0102.txt,2
dcam_clim_2,TestCLIM_N-5_T-250/returns,dCAM,0.8060606060606061,True,TestCLIM_N-5_T-250_0050.txt,1
dcam_clim_2,TestCLIM_N-5_T-250/returns,dCAM,0.8954081632653061,True,TestCLIM_N-5_T-250_0050.txt,2
dcam_clim_2,TestCLIM_N-5_T-250/returns,dCAM,0.8848631239935588,True,TestCLIM_N-5_T-250_0050.txt,3
dcam_clim_2,TestCLIM_N-5_T-250/returns,dCAM,0.8879573170731707,True,TestCLIM_N-5_T-250_0050.txt,4
dcam_clim_2,TestCLIM_N-5_T-250/returns,dCAM,0.8646616541353382,True,TestCLIM_N-5_T-250_0140.txt,1
dcam_clim_2,TestCLIM_N-5_T-250/returns,dCAM,0.824812030075188,True,TestCLIM_N-5_T-250_0140.txt,2
dcam_clim_2,TestCLIM_N-5_T-250/returns,dCAM,0.7126524390243902,True,TestCLIM_N-5_T-250_0140.txt,4
dcam_clim_2,TestCLIM_N-5_T-250/returns,dCAM,0.8687782805429864,True,TestCLIM_N-5_T-250_0062.txt,3
dcam_clim_2,TestCLIM_N-5_T-250/returns,dCAM,0.8052721088435374,True,TestCLIM_N-5_T-250_0175.txt,3
dcam_clim_2,TestCLIM_N-5_T-250/returns,dCAM,0.7888707037643208,True,TestCLIM_N-5_T-250_0175.txt,4
dcam_clim_2,TestCLIM_N-5_T-250/returns,dCAM,0.886252045826514,True,TestCLIM_N-5_T-250_0144.txt,3
dcam_clim_2,TestCLIM_N-5_T-250/returns,dCAM,0.714975845410628,True,TestCLIM_N-5_T-250_0045.txt,3
dcam_clim_2,TestCLIM_N-5_T-250/returns,dCAM,0.9522727272727272,True,TestCLIM_N-5_T-250_0189.txt,1
dcam_clim_2,TestCLIM_N-5_T-250/returns,dCAM,0.795045045045045,True,TestCLIM_N-5_T-250_0189.txt,3
dcam_clim_2,TestCLIM_N-5_T-250/returns,dCAM,0.9643939393939394,True,TestCLIM_N-5_T-250_0189.txt,4
dcam_clim_2,TestCLIM_N-5_T-250/returns,dCAM,0.8556067588325653,True,TestCLIM_N-5_T-250_0070.txt,0
dcam_clim_2,TestCLIM_N-5_T-250/returns,dCAM,0.8769592476489029,True,TestCLIM_N-5_T-250_0070.txt,2
dcam_clim_2,TestCLIM_N-5_T-250/returns,dCAM,0.9523809523809524,True,TestCLIM_N-5_T-250_0070.txt,4
dcam_clim_2,TestCLIM_N-5_T-250/returns,dCAM,0.7166666666666667,True,TestCLIM_N-5_T-250_0073.txt,0
dcam_clim_2,TestCLIM_N-5_T-250/returns,dCAM,0.8069381598793364,True,TestCLIM_N-5_T-250_0073.txt,2
dcam_clim_2,TestCLIM_N-5_T-250/returns,dCAM,0.9039634146341464,True,TestCLIM_N-5_T-250_0167.txt,0
dcam_clim_2,TestCLIM_N-5_T-250/returns,dCAM,0.8278195488721805,True,TestCLIM_N-5_T-250_0167.txt,1
dcam_clim_2,TestCLIM_N-5_T-250/returns,dCAM,0.8488372093023255,True,TestCLIM_N-5_T-250_0167.txt,2
dcam_clim_2,TestCLIM_N-5_T-250/returns,dCAM,0.7617554858934169,True,TestCLIM_N-5_T-250_0156.txt,3
dcam_clim_2,TestCLIM_N-5_T-250/returns,dCAM,0.7652439024390244,True,TestCLIM_N-5_T-250_0061.txt,3
dcam_clim_2,TestCLIM_N-5_T-250/returns,dCAM,0.6865079365079365,True,TestCLIM_N-5_T-250_0056.txt,1
dcam_clim_2,TestCLIM_N-5_T-250/returns,dCAM,0.8674999999999999,True,TestCLIM_N-5_T-250_0056.txt,3
dcam_clim_2,TestCLIM_N-5_T-250/returns,dCAM,0.8174962292609351,True,TestCLIM_N-5_T-250_0023.txt,2
dcam_clim_2,TestCLIM_N-5_T-250/returns,dCAM,0.703875968992248,True,TestCLIM_N-5_T-250_0005.txt,2
dcam_clim_2,TestCLIM_N-5_T-250/returns,dCAM,0.7241379310344827,True,TestCLIM_N-5_T-250_0143.txt,1
dcam_clim_2,TestCLIM_N-5_T-250/returns,dCAM,0.8597560975609756,True,TestCLIM_N-5_T-250_0033.txt,1
dcam_clim_2,TestCLIM_N-5_T-250/returns,dCAM,0.8993993993993994,True,TestCLIM_N-5_T-250_0033.txt,3
dcam_clim_2,TestCLIM_N-5_T-250/returns,dCAM,0.5069124423963133,True,TestCLIM_N-5_T-250_0115.txt,3
dcam_clim_2,TestCLIM_N-5_T-250/returns,dCAM,0.912912912912913,True,TestCLIM_N-5_T-250_0030.txt,1
dcam_clim_2,TestCLIM_N-5_T-250/returns,dCAM,0.834108527131783,True,TestCLIM_N-5_T-250_0002.txt,3
dcam_clim_2,TestCLIM_N-5_T-250/returns,dCAM,0.9031007751937984,True,TestCLIM_N-5_T-250_0110.txt,4
dcam_clim_2,TestCLIM_N-5_T-250/returns,dCAM,0.9156521739130434,True,TestCLIM_N-5_T-250_0121.txt,0
dcam_clim_2,TestCLIM_N-5_T-250/returns,dCAM,0.9059561128526644,True,TestCLIM_N-5_T-250_0121.txt,1
dcam_clim_2,TestCLIM_N-5_T-250/returns,dCAM,0.9408333333333332,True,TestCLIM_N-5_T-250_0121.txt,3
dcam_clim_2,TestCLIM_N-5_T-250/returns,dCAM,0.8195084485407066,True,TestCLIM_N-5_T-250_0016.txt,4
dcam_clim_2,TestCLIM_N-5_T-250/returns,dCAM,0.7653061224489797,True,TestCLIM_N-5_T-250_0003.txt,3
dcam_clim_2,TestCLIM_N-5_T-250/returns,dCAM,0.8595238095238095,True,TestCLIM_N-5_T-250_0094.txt,0
dcam_clim_2,TestCLIM_N-5_T-250/returns,dCAM,0.850609756097561,True,TestCLIM_N-5_T-250_0094.txt,4
xcm_7ts2h_2,SynthNonlin/7ts2h,XCM_pytorch,0.9606229582066012,True,data_9.csv,E
xcm_7ts2h_2,SynthNonlin/7ts2h,XCM_pytorch,0.9838461538461538,True,data_9.csv,B
xcm_7ts2h_2,SynthNonlin/7ts2h,XCM_pytorch,0.9732031180201912,True,data_9.csv,F
xcm_7ts2h_2,SynthNonlin/7ts2h,XCM_pytorch,0.9513629180011468,True,data_9.csv,C
xcm_7ts2h_2,SynthNonlin/7ts2h,XCM_pytorch,0.9675684266880812,True,data_9.csv,H
xcm_7ts2h_2,SynthNonlin/7ts2h,XCM_pytorch,0.9648751923119804,True,data_9.csv,D
xcm_7ts2h_2,SynthNonlin/7ts2h,XCM_pytorch,0.9759610016970346,True,data_0.csv,E
xcm_7ts2h_2,SynthNonlin/7ts2h,XCM_pytorch,0.974685668731906,True,data_0.csv,B
xcm_7ts2h_2,SynthNonlin/7ts2h,XCM_pytorch,0.9339586808014804,True,data_0.csv,F
xcm_7ts2h_2,SynthNonlin/7ts2h,XCM_pytorch,0.9226593022458818,True,data_0.csv,H
xcm_7ts2h_2,SynthNonlin/7ts2h,XCM_pytorch,0.907737224242931,True,data_0.csv,D
xcm_7ts2h_2,SynthNonlin/7ts2h,XCM_pytorch,0.8990515260406224,True,data_6.csv,E
xcm_7ts2h_2,SynthNonlin/7ts2h,XCM_pytorch,0.9561123393105706,True,data_6.csv,H
xcm_7ts2h_2,SynthNonlin/7ts2h,XCM_pytorch,0.8675110540083801,True,data_6.csv,D
xcm_7ts2h_2,SynthNonlin/7ts2h,XCM_pytorch,0.9699351882891944,True,data_6.csv,A
xcm_7ts2h_2,SynthNonlin/7ts2h,XCM_pytorch,0.8498476343223736,True,data_4.csv,E
xcm_7ts2h_2,SynthNonlin/7ts2h,XCM_pytorch,0.8593537324187995,True,data_4.csv,F
xcm_7ts2h_2,SynthNonlin/7ts2h,XCM_pytorch,0.8960566136482582,True,data_4.csv,H
xcm_7ts2h_2,SynthNonlin/7ts2h,XCM_pytorch,0.8826099077083679,True,data_4.csv,D
xcm_7ts2h_2,SynthNonlin/7ts2h,XCM_pytorch,0.9066487996965776,True,data_4.csv,A
xcm_7ts2h_2,SynthNonlin/7ts2h,XCM_pytorch,0.8552107728337236,True,data_5.csv,E
xcm_7ts2h_2,SynthNonlin/7ts2h,XCM_pytorch,0.8719030017921148,True,data_5.csv,B
xcm_7ts2h_2,SynthNonlin/7ts2h,XCM_pytorch,0.9053209178583304,True,data_5.csv,H
xcm_7ts2h_2,SynthNonlin/7ts2h,XCM_pytorch,0.2588417845770787,True,data_5.csv,D
xcm_7ts2h_2,SynthNonlin/7ts2h,XCM_pytorch,0.7559579867681792,True,data_5.csv,A
xcm_7ts2h_2,SynthNonlin/7ts2h,XCM_pytorch,0.8324497755272029,True,data_1.csv,E
xcm_7ts2h_2,SynthNonlin/7ts2h,XCM_pytorch,0.9064214561971576,True,data_1.csv,F
xcm_7ts2h_2,SynthNonlin/7ts2h,XCM_pytorch,0.7279852206369273,True,data_8.csv,E
xcm_7ts2h_2,SynthNonlin/7ts2h,XCM_pytorch,0.9397670419011882,True,data_8.csv,B
xcm_7ts2h_2,SynthNonlin/7ts2h,XCM_pytorch,0.897884384065662,True,data_8.csv,H
xcm_7ts2h_2,SynthNonlin/7ts2h,XCM_pytorch,0.991465383360704,True,data_8.csv,A
xcm_7ts2h_2,SynthNonlin/7ts2h,XCM_pytorch,0.97835623326875,True,data_3.csv,E
xcm_7ts2h_2,SynthNonlin/7ts2h,XCM_pytorch,0.9285536890277932,True,data_3.csv,H
xcm_7ts2h_2,SynthNonlin/7ts2h,XCM_pytorch,0.8705508781189611,True,data_3.csv,D
xcm_7ts2h_2,SynthNonlin/7ts2h,XCM_pytorch,0.9945051728319688,True,data_3.csv,A
xcm_7ts2h_2,SynthNonlin/7ts2h,XCM_pytorch,0.9115019805834136,True,data_2.csv,E
xcm_7ts2h_2,SynthNonlin/7ts2h,XCM_pytorch,0.9940802675585284,True,data_2.csv,B
xcm_7ts2h_2,SynthNonlin/7ts2h,XCM_pytorch,0.9613936924824406,True,data_2.csv,H
xcm_7ts2h_2,SynthNonlin/7ts2h,XCM_pytorch,0.9603258761153498,True,data_2.csv,D
xcm_7ts2h_2,SynthNonlin/7ts2h,XCM_pytorch,0.9243841379916476,True,data_2.csv,A
xcm_7ts2h_2,SynthNonlin/7ts2h,XCM_pytorch,0.8732952236840262,True,data_7.csv,E
xcm_7ts2h_2,SynthNonlin/7ts2h,XCM_pytorch,0.9501337425267694,True,data_7.csv,B
xcm_7ts2h_2,SynthNonlin/7ts2h,XCM_pytorch,0.9364669951750332,True,data_7.csv,F
xcm_7ts2h_2,SynthNonlin/7ts2h,XCM_pytorch,0.9567781138070884,True,data_7.csv,C
xcm_7ts2h_2,SynthNonlin/7ts2h,XCM_pytorch,0.9317003444476984,True,data_7.csv,H
transformer_fmri_5,fMRI_processed_by_Nauta/returns/our_selection,transformer,0.7661406025824964,True,timeseries24.csv,1
transformer_fmri_5,fMRI_processed_by_Nauta/returns/our_selection,transformer,0.7840755735492577,True,timeseries24.csv,2
transformer_fmri_5,fMRI_processed_by_Nauta/returns/our_selection,transformer,0.7759784075573549,True,timeseries24.csv,3
transformer_fmri_5,fMRI_processed_by_Nauta/returns/our_selection,transformer,0.7458333333333333,True,timeseries24.csv,4
transformer_fmri_5,fMRI_processed_by_Nauta/returns/our_selection,transformer,0.989236563139297,True,timeseries20.csv,0
transformer_fmri_5,fMRI_processed_by_Nauta/returns/our_selection,transformer,0.9951792635658916,True,timeseries20.csv,1
transformer_fmri_5,fMRI_processed_by_Nauta/returns/our_selection,transformer,0.99399867503215,True,timeseries20.csv,2
transformer_fmri_5,fMRI_processed_by_Nauta/returns/our_selection,transformer,0.9958800991661032,True,timeseries20.csv,3
transformer_fmri_5,fMRI_processed_by_Nauta/returns/our_selection,transformer,0.994154991071218,True,timeseries20.csv,4
transformer_fmri_5,fMRI_processed_by_Nauta/returns/our_selection,transformer,0.7013142174432497,True,timeseries23.csv,0
transformer_fmri_5,fMRI_processed_by_Nauta/returns/our_selection,transformer,0.8082368082368082,True,timeseries23.csv,1
transformer_fmri_5,fMRI_processed_by_Nauta/returns/our_selection,transformer,0.7818627450980392,True,timeseries23.csv,2
transformer_fmri_5,fMRI_processed_by_Nauta/returns/our_selection,transformer,0.9896749477323428,True,timeseries19.csv,0
transformer_fmri_5,fMRI_processed_by_Nauta/returns/our_selection,transformer,0.9951692930575954,True,timeseries19.csv,1
transformer_fmri_5,fMRI_processed_by_Nauta/returns/our_selection,transformer,0.9957396262274312,True,timeseries19.csv,2
transformer_fmri_5,fMRI_processed_by_Nauta/returns/our_selection,transformer,0.9932757465835051,True,timeseries19.csv,3
transformer_fmri_5,fMRI_processed_by_Nauta/returns/our_selection,transformer,0.9963612745711782,True,timeseries19.csv,4
dcam_7ts2h_2,SynthNonlin/7ts2h,dCAM,0.9708093950659006,True,data_9.csv,E
dcam_7ts2h_2,SynthNonlin/7ts2h,dCAM,0.9820847268673356,True,data_9.csv,B
dcam_7ts2h_2,SynthNonlin/7ts2h,dCAM,0.9736191146252122,True,data_9.csv,F
dcam_7ts2h_2,SynthNonlin/7ts2h,dCAM,0.9699584621194112,True,data_9.csv,C
dcam_7ts2h_2,SynthNonlin/7ts2h,dCAM,0.9763490151464452,True,data_9.csv,H
dcam_7ts2h_2,SynthNonlin/7ts2h,dCAM,0.972474302660037,True,data_9.csv,D
dcam_7ts2h_2,SynthNonlin/7ts2h,dCAM,0.992265652911754,True,data_0.csv,E
dcam_7ts2h_2,SynthNonlin/7ts2h,dCAM,0.9811722912966252,True,data_0.csv,B
dcam_7ts2h_2,SynthNonlin/7ts2h,dCAM,0.9611311658936692,True,data_0.csv,F
dcam_7ts2h_2,SynthNonlin/7ts2h,dCAM,0.939452009413055,True,data_0.csv,H
dcam_7ts2h_2,SynthNonlin/7ts2h,dCAM,0.9139373162200204,True,data_0.csv,D
dcam_7ts2h_2,SynthNonlin/7ts2h,dCAM,0.939386133626414,True,data_2.csv,E
dcam_7ts2h_2,SynthNonlin/7ts2h,dCAM,0.9957664437012262,True,data_2.csv,B
dcam_7ts2h_2,SynthNonlin/7ts2h,dCAM,0.9791111291406848,True,data_2.csv,H
dcam_7ts2h_2,SynthNonlin/7ts2h,dCAM,0.9597971176918546,True,data_2.csv,D
dcam_7ts2h_2,SynthNonlin/7ts2h,dCAM,0.9470708811880346,True,data_2.csv,A
dcam_7ts2h_2,SynthNonlin/7ts2h,dCAM,0.9243996853842475,True,data_6.csv,E
dcam_7ts2h_2,SynthNonlin/7ts2h,dCAM,0.7559324866310161,True,data_6.csv,F
dcam_7ts2h_2,SynthNonlin/7ts2h,dCAM,0.954539679312886,True,data_6.csv,H
dcam_7ts2h_2,SynthNonlin/7ts2h,dCAM,0.8824976271500334,True,data_6.csv,D
dcam_7ts2h_2,SynthNonlin/7ts2h,dCAM,0.9770952061682868,True,data_6.csv,A
dcam_7ts2h_2,SynthNonlin/7ts2h,dCAM,0.9282919589854292,True,data_1.csv,F
dcam_7ts2h_2,SynthNonlin/7ts2h,dCAM,0.9859346575362726,True,data_3.csv,E
dcam_7ts2h_2,SynthNonlin/7ts2h,dCAM,0.8520580882389928,True,data_3.csv,F
dcam_7ts2h_2,SynthNonlin/7ts2h,dCAM,0.9248186181493472,True,data_3.csv,H
dcam_7ts2h_2,SynthNonlin/7ts2h,dCAM,0.9372589748610248,True,data_3.csv,D
dcam_7ts2h_2,SynthNonlin/7ts2h,dCAM,0.9974602802891545,True,data_3.csv,A
dcam_7ts2h_2,SynthNonlin/7ts2h,dCAM,0.8912363904512659,True,data_5.csv,H
dcam_7ts2h_2,SynthNonlin/7ts2h,dCAM,0.7396603940721588,True,data_5.csv,D
dcam_7ts2h_2,SynthNonlin/7ts2h,dCAM,0.8820079508280891,True,data_5.csv,A
dcam_7ts2h_2,SynthNonlin/7ts2h,dCAM,0.8997632157818783,True,data_7.csv,E
dcam_7ts2h_2,SynthNonlin/7ts2h,dCAM,0.9505082775024668,True,data_7.csv,B
dcam_7ts2h_2,SynthNonlin/7ts2h,dCAM,0.9430435786880196,True,data_7.csv,F
dcam_7ts2h_2,SynthNonlin/7ts2h,dCAM,0.962097752010369,True,data_7.csv,C
dcam_7ts2h_2,SynthNonlin/7ts2h,dCAM,0.9275460541912453,True,data_7.csv,H
dcam_7ts2h_2,SynthNonlin/7ts2h,dCAM,0.8910264774965005,True,data_4.csv,D
dcam_7ts2h_2,SynthNonlin/7ts2h,dCAM,0.8989750767563663,True,data_8.csv,E
dcam_7ts2h_2,SynthNonlin/7ts2h,dCAM,0.949630907710176,True,data_8.csv,B
dcam_7ts2h_2,SynthNonlin/7ts2h,dCAM,0.9242680251892734,True,data_8.csv,H
transformer_7ts2h_5,SynthNonlin/7ts2h,transformer,0.9636997296383916,True,data_9.csv,E
transformer_7ts2h_5,SynthNonlin/7ts2h,transformer,0.9788559085841694,True,data_9.csv,B
transformer_7ts2h_5,SynthNonlin/7ts2h,transformer,0.974936902528366,True,data_9.csv,F
transformer_7ts2h_5,SynthNonlin/7ts2h,transformer,0.959042530873694,True,data_9.csv,C
transformer_7ts2h_5,SynthNonlin/7ts2h,transformer,0.9651425416583016,True,data_9.csv,H
transformer_7ts2h_5,SynthNonlin/7ts2h,transformer,0.9628949363419474,True,data_9.csv,D
transformer_7ts2h_5,SynthNonlin/7ts2h,transformer,0.9954782958199356,True,data_0.csv,E
transformer_7ts2h_5,SynthNonlin/7ts2h,transformer,0.9769457769821402,True,data_0.csv,B
transformer_7ts2h_5,SynthNonlin/7ts2h,transformer,0.9639456578857182,True,data_0.csv,F
transformer_7ts2h_5,SynthNonlin/7ts2h,transformer,0.7422694165043622,True,data_0.csv,C
transformer_7ts2h_5,SynthNonlin/7ts2h,transformer,0.940841406017958,True,data_0.csv,H
transformer_7ts2h_5,SynthNonlin/7ts2h,transformer,0.901864626447594,True,data_0.csv,D
transformer_7ts2h_5,SynthNonlin/7ts2h,transformer,0.9180503076756992,True,data_6.csv,E
transformer_7ts2h_5,SynthNonlin/7ts2h,transformer,0.7306901737967915,True,data_6.csv,F
transformer_7ts2h_5,SynthNonlin/7ts2h,transformer,0.9590176663080888,True,data_6.csv,H
transformer_7ts2h_5,SynthNonlin/7ts2h,transformer,0.8844827187073176,True,data_6.csv,D
transformer_7ts2h_5,SynthNonlin/7ts2h,transformer,0.97374427310314,True,data_6.csv,A
transformer_7ts2h_5,SynthNonlin/7ts2h,transformer,0.8752978056426334,True,data_4.csv,E
transformer_7ts2h_5,SynthNonlin/7ts2h,transformer,0.8761893165016412,True,data_4.csv,F
transformer_7ts2h_5,SynthNonlin/7ts2h,transformer,0.8935080892893712,True,data_4.csv,H
transformer_7ts2h_5,SynthNonlin/7ts2h,transformer,0.8812620109611141,True,data_4.csv,D
transformer_7ts2h_5,SynthNonlin/7ts2h,transformer,0.910558710008478,True,data_4.csv,A
transformer_7ts2h_5,SynthNonlin/7ts2h,transformer,0.8653786104605776,True,data_5.csv,E
transformer_7ts2h_5,SynthNonlin/7ts2h,transformer,0.8807109655017922,True,data_5.csv,B
transformer_7ts2h_5,SynthNonlin/7ts2h,transformer,0.9254623270340222,True,data_5.csv,H
transformer_7ts2h_5,SynthNonlin/7ts2h,transformer,0.775201106083459,True,data_5.csv,D
transformer_7ts2h_5,SynthNonlin/7ts2h,transformer,0.8065044228314922,True,data_5.csv,A
transformer_7ts2h_5,SynthNonlin/7ts2h,transformer,0.8574003854978244,True,data_1.csv,E
transformer_7ts2h_5,SynthNonlin/7ts2h,transformer,0.9211990128620255,True,data_1.csv,F
transformer_7ts2h_5,SynthNonlin/7ts2h,transformer,0.8061279960464541,True,data_1.csv,H
transformer_7ts2h_5,SynthNonlin/7ts2h,transformer,0.7344877344877345,True,data_1.csv,D
transformer_7ts2h_5,SynthNonlin/7ts2h,transformer,0.9153121425561376,True,data_8.csv,E
transformer_7ts2h_5,SynthNonlin/7ts2h,transformer,0.941040159027964,True,data_8.csv,B
transformer_7ts2h_5,SynthNonlin/7ts2h,transformer,0.9228345008136984,True,data_8.csv,H
transformer_7ts2h_5,SynthNonlin/7ts2h,transformer,0.8178825160284179,True,data_8.csv,D
transformer_7ts2h_5,SynthNonlin/7ts2h,transformer,0.9899569783943992,True,data_8.csv,A
transformer_7ts2h_5,SynthNonlin/7ts2h,transformer,0.9980033425524676,True,data_3.csv,E
transformer_7ts2h_5,SynthNonlin/7ts2h,transformer,0.8270409609981183,True,data_3.csv,B
transformer_7ts2h_5,SynthNonlin/7ts2h,transformer,0.8577899507547749,True,data_3.csv,F
transformer_7ts2h_5,SynthNonlin/7ts2h,transformer,0.9371609554637792,True,data_3.csv,H
transformer_7ts2h_5,SynthNonlin/7ts2h,transformer,0.9394425668485616,True,data_3.csv,D
transformer_7ts2h_5,SynthNonlin/7ts2h,transformer,0.9969612574261014,True,data_3.csv,A
transformer_7ts2h_5,SynthNonlin/7ts2h,transformer,0.933264070156157,True,data_2.csv,E
transformer_7ts2h_5,SynthNonlin/7ts2h,transformer,0.9952619843924192,True,data_2.csv,B
transformer_7ts2h_5,SynthNonlin/7ts2h,transformer,0.8049421897533395,True,data_2.csv,C
transformer_7ts2h_5,SynthNonlin/7ts2h,transformer,0.9652576554857556,True,data_2.csv,H
transformer_7ts2h_5,SynthNonlin/7ts2h,transformer,0.957568573358047,True,data_2.csv,D
transformer_7ts2h_5,SynthNonlin/7ts2h,transformer,0.9416231709841036,True,data_2.csv,A
transformer_7ts2h_5,SynthNonlin/7ts2h,transformer,0.9034242640774524,True,data_7.csv,E
transformer_7ts2h_5,SynthNonlin/7ts2h,transformer,0.955804872867736,True,data_7.csv,B
transformer_7ts2h_5,SynthNonlin/7ts2h,transformer,0.9425751976183144,True,data_7.csv,F
transformer_7ts2h_5,SynthNonlin/7ts2h,transformer,0.9565105291764804,True,data_7.csv,C
transformer_7ts2h_5,SynthNonlin/7ts2h,transformer,0.9281038642290368,True,data_7.csv,H
lstm_clim_2,TestCLIM_N-5_T-250/returns,LSTM,0.7992424242424243,True,TestCLIM_N-5_T-250_0049.txt,0
lstm_clim_2,TestCLIM_N-5_T-250/returns,LSTM,0.8817204301075269,True,TestCLIM_N-5_T-250_0049.txt,4
lstm_clim_2,TestCLIM_N-5_T-250/returns,LSTM,0.8613945578231293,True,TestCLIM_N-5_T-250_0129.txt,0
lstm_clim_2,TestCLIM_N-5_T-250/returns,LSTM,0.8268025078369906,True,TestCLIM_N-5_T-250_0129.txt,4
lstm_clim_2,TestCLIM_N-5_T-250/returns,LSTM,0.7637195121951219,True,TestCLIM_N-5_T-250_0099.txt,3
lstm_clim_2,TestCLIM_N-5_T-250/returns,LSTM,0.7496229260935143,True,TestCLIM_N-5_T-250_0132.txt,1
lstm_clim_2,TestCLIM_N-5_T-250/returns,LSTM,0.7626728110599078,True,TestCLIM_N-5_T-250_0132.txt,2
lstm_clim_2,TestCLIM_N-5_T-250/returns,LSTM,0.6859903381642511,True,TestCLIM_N-5_T-250_0132.txt,3
lstm_clim_2,TestCLIM_N-5_T-250/returns,LSTM,0.8227272727272728,True,TestCLIM_N-5_T-250_0177.txt,2
lstm_clim_2,TestCLIM_N-5_T-250/returns,LSTM,0.75,True,TestCLIM_N-5_T-250_0177.txt,4
lstm_clim_2,TestCLIM_N-5_T-250/returns,LSTM,0.7439393939393939,True,TestCLIM_N-5_T-250_0044.txt,1
lstm_clim_2,TestCLIM_N-5_T-250/returns,LSTM,0.8171768707482994,True,TestCLIM_N-5_T-250_0191.txt,0
lstm_clim_2,TestCLIM_N-5_T-250/returns,LSTM,0.835034013605442,True,TestCLIM_N-5_T-250_0106.txt,1
lstm_clim_2,TestCLIM_N-5_T-250/returns,LSTM,0.8618618618618619,True,TestCLIM_N-5_T-250_0067.txt,0
lstm_clim_2,TestCLIM_N-5_T-250/returns,LSTM,0.7155172413793103,True,TestCLIM_N-5_T-250_0067.txt,4
lstm_clim_2,TestCLIM_N-5_T-250/returns,LSTM,0.7908333333333333,True,TestCLIM_N-5_T-250_0147.txt,1
lstm_clim_2,TestCLIM_N-5_T-250/returns,LSTM,0.7828054298642534,True,TestCLIM_N-5_T-250_0090.txt,0
lstm_clim_2,TestCLIM_N-5_T-250/returns,LSTM,0.7698412698412698,True,TestCLIM_N-5_T-250_0090.txt,2
lstm_clim_2,TestCLIM_N-5_T-250/returns,LSTM,0.7015151515151515,True,TestCLIM_N-5_T-250_0118.txt,3
lstm_clim_2,TestCLIM_N-5_T-250/returns,LSTM,0.8460365853658537,True,TestCLIM_N-5_T-250_0034.txt,0
lstm_clim_2,TestCLIM_N-5_T-250/returns,LSTM,0.8608695652173913,True,TestCLIM_N-5_T-250_0034.txt,2
lstm_clim_2,TestCLIM_N-5_T-250/returns,LSTM,0.8796791443850268,True,TestCLIM_N-5_T-250_0034.txt,4
lstm_clim_2,TestCLIM_N-5_T-250/returns,LSTM,0.7477272727272727,True,TestCLIM_N-5_T-250_0160.txt,0
lstm_clim_2,TestCLIM_N-5_T-250/returns,LSTM,0.7388632872503841,True,TestCLIM_N-5_T-250_0160.txt,4
lstm_clim_2,TestCLIM_N-5_T-250/returns,LSTM,0.7942942942942942,True,TestCLIM_N-5_T-250_0072.txt,3
lstm_clim_2,TestCLIM_N-5_T-250/returns,LSTM,0.9547511312217194,True,TestCLIM_N-5_T-250_0072.txt,4
lstm_clim_2,TestCLIM_N-5_T-250/returns,LSTM,0.7403993855606759,True,TestCLIM_N-5_T-250_0019.txt,3
lstm_clim_2,TestCLIM_N-5_T-250/returns,LSTM,0.7899659863945578,True,TestCLIM_N-5_T-250_0081.txt,3
lstm_clim_2,TestCLIM_N-5_T-250/returns,LSTM,0.7777777777777779,True,TestCLIM_N-5_T-250_0116.txt,1
lstm_clim_2,TestCLIM_N-5_T-250/returns,LSTM,0.7225563909774435,True,TestCLIM_N-5_T-250_0176.txt,0
lstm_clim_2,TestCLIM_N-5_T-250/returns,LSTM,0.7364864864864866,True,TestCLIM_N-5_T-250_0176.txt,3
lstm_clim_2,TestCLIM_N-5_T-250/returns,LSTM,0.7567567567567569,True,TestCLIM_N-5_T-250_0009.txt,4
lstm_clim_2,TestCLIM_N-5_T-250/returns,LSTM,0.6488721804511279,True,TestCLIM_N-5_T-250_0126.txt,2
lstm_clim_2,TestCLIM_N-5_T-250/returns,LSTM,0.7972972972972974,True,TestCLIM_N-5_T-250_0077.txt,1
lstm_clim_2,TestCLIM_N-5_T-250/returns,LSTM,0.7949308755760369,True,TestCLIM_N-5_T-250_0018.txt,0
lstm_clim_2,TestCLIM_N-5_T-250/returns,LSTM,0.7903963414634148,True,TestCLIM_N-5_T-250_0154.txt,2
lstm_clim_2,TestCLIM_N-5_T-250/returns,LSTM,0.751131221719457,True,TestCLIM_N-5_T-250_0089.txt,2
lstm_clim_2,TestCLIM_N-5_T-250/returns,LSTM,0.9460869565217392,True,TestCLIM_N-5_T-250_0093.txt,0
lstm_clim_2,TestCLIM_N-5_T-250/returns,LSTM,0.8467987804878048,True,TestCLIM_N-5_T-250_0093.txt,3
lstm_clim_2,TestCLIM_N-5_T-250/returns,LSTM,0.7913256955810147,True,TestCLIM_N-5_T-250_0168.txt,0
lstm_clim_2,TestCLIM_N-5_T-250/returns,LSTM,0.8031746031746031,True,TestCLIM_N-5_T-250_0168.txt,3
lstm_clim_2,TestCLIM_N-5_T-250/returns,LSTM,0.8299319727891157,True,TestCLIM_N-5_T-250_0183.txt,0
lstm_clim_2,TestCLIM_N-5_T-250/returns,LSTM,0.8589743589743589,True,TestCLIM_N-5_T-250_0183.txt,4
lstm_clim_2,TestCLIM_N-5_T-250/returns,LSTM,0.7296466973886329,True,TestCLIM_N-5_T-250_0138.txt,1
lstm_clim_2,TestCLIM_N-5_T-250/returns,LSTM,0.7916666666666667,True,TestCLIM_N-5_T-250_0190.txt,4
lstm_clim_2,TestCLIM_N-5_T-250/returns,LSTM,0.6714285714285715,True,TestCLIM_N-5_T-250_0040.txt,1
lstm_clim_2,TestCLIM_N-5_T-250/returns,LSTM,0.7057057057057058,True,TestCLIM_N-5_T-250_0025.txt,1
lstm_clim_2,TestCLIM_N-5_T-250/returns,LSTM,0.6954887218045113,True,TestCLIM_N-5_T-250_0155.txt,1
lstm_clim_2,TestCLIM_N-5_T-250/returns,LSTM,0.6824324324324323,True,TestCLIM_N-5_T-250_0155.txt,4
lstm_clim_2,TestCLIM_N-5_T-250/returns,LSTM,0.765079365079365,True,TestCLIM_N-5_T-250_0053.txt,4
lstm_clim_2,TestCLIM_N-5_T-250/returns,LSTM,0.8217391304347826,True,TestCLIM_N-5_T-250_0170.txt,1
lstm_clim_2,TestCLIM_N-5_T-250/returns,LSTM,0.8313131313131312,True,TestCLIM_N-5_T-250_0170.txt,2
lstm_clim_2,TestCLIM_N-5_T-250/returns,LSTM,0.8117839607201309,True,TestCLIM_N-5_T-250_0170.txt,4
lstm_clim_2,TestCLIM_N-5_T-250/returns,LSTM,0.7519201228878648,True,TestCLIM_N-5_T-250_0161.txt,0
lstm_clim_2,TestCLIM_N-5_T-250/returns,LSTM,0.7096036585365855,True,TestCLIM_N-5_T-250_0161.txt,1
lstm_clim_2,TestCLIM_N-5_T-250/returns,LSTM,0.8582202111613876,True,TestCLIM_N-5_T-250_0161.txt,3
lstm_clim_2,TestCLIM_N-5_T-250/returns,LSTM,0.8793103448275862,True,TestCLIM_N-5_T-250_0161.txt,4
lstm_clim_2,TestCLIM_N-5_T-250/returns,LSTM,0.8428571428571429,True,TestCLIM_N-5_T-250_0020.txt,3
lstm_clim_2,TestCLIM_N-5_T-250/returns,LSTM,0.7744360902255639,True,TestCLIM_N-5_T-250_0188.txt,0
lstm_clim_2,TestCLIM_N-5_T-250/returns,LSTM,0.9105263157894736,True,TestCLIM_N-5_T-250_0139.txt,1
lstm_clim_2,TestCLIM_N-5_T-250/returns,LSTM,0.9675716440422324,True,TestCLIM_N-5_T-250_0068.txt,0
lstm_clim_2,TestCLIM_N-5_T-250/returns,LSTM,0.9352134146341464,True,TestCLIM_N-5_T-250_0068.txt,2
lstm_clim_2,TestCLIM_N-5_T-250/returns,LSTM,0.8530303030303029,True,TestCLIM_N-5_T-250_0102.txt,2
lstm_clim_2,TestCLIM_N-5_T-250/returns,LSTM,0.8583333333333333,True,TestCLIM_N-5_T-250_0102.txt,3
lstm_clim_2,TestCLIM_N-5_T-250/returns,LSTM,0.8011272141706924,True,TestCLIM_N-5_T-250_0171.txt,1
lstm_clim_2,TestCLIM_N-5_T-250/returns,LSTM,0.7000000000000001,True,TestCLIM_N-5_T-250_0171.txt,4
lstm_clim_2,TestCLIM_N-5_T-250/returns,LSTM,0.5796992481203007,True,TestCLIM_N-5_T-250_0162.txt,3
lstm_clim_2,TestCLIM_N-5_T-250/returns,LSTM,0.7780303030303031,True,TestCLIM_N-5_T-250_0050.txt,1
lstm_clim_2,TestCLIM_N-5_T-250/returns,LSTM,0.8988095238095237,True,TestCLIM_N-5_T-250_0050.txt,2
lstm_clim_2,TestCLIM_N-5_T-250/returns,LSTM,0.8727858293075684,True,TestCLIM_N-5_T-250_0050.txt,3
lstm_clim_2,TestCLIM_N-5_T-250/returns,LSTM,0.8940548780487805,True,TestCLIM_N-5_T-250_0050.txt,4
lstm_clim_2,TestCLIM_N-5_T-250/returns,LSTM,0.8330827067669173,True,TestCLIM_N-5_T-250_0140.txt,1
lstm_clim_2,TestCLIM_N-5_T-250/returns,LSTM,0.812781954887218,True,TestCLIM_N-5_T-250_0140.txt,2
lstm_clim_2,TestCLIM_N-5_T-250/returns,LSTM,0.9087481146304676,True,TestCLIM_N-5_T-250_0062.txt,3
lstm_clim_2,TestCLIM_N-5_T-250/returns,LSTM,0.8299319727891156,True,TestCLIM_N-5_T-250_0200.txt,4
lstm_clim_2,TestCLIM_N-5_T-250/returns,LSTM,0.7933673469387754,True,TestCLIM_N-5_T-250_0175.txt,3
lstm_clim_2,TestCLIM_N-5_T-250/returns,LSTM,0.7184684684684685,True,TestCLIM_N-5_T-250_0137.txt,2
lstm_clim_2,TestCLIM_N-5_T-250/returns,LSTM,0.8674304418985269,True,TestCLIM_N-5_T-250_0144.txt,3
lstm_clim_2,TestCLIM_N-5_T-250/returns,LSTM,0.7586726998491704,True,TestCLIM_N-5_T-250_0045.txt,4
lstm_clim_2,TestCLIM_N-5_T-250/returns,LSTM,0.937121212121212,True,TestCLIM_N-5_T-250_0189.txt,1
lstm_clim_2,TestCLIM_N-5_T-250/returns,LSTM,0.7830330330330331,True,TestCLIM_N-5_T-250_0189.txt,3
lstm_clim_2,TestCLIM_N-5_T-250/returns,LSTM,0.956060606060606,True,TestCLIM_N-5_T-250_0189.txt,4
lstm_clim_2,TestCLIM_N-5_T-250/returns,LSTM,0.8463901689708141,True,TestCLIM_N-5_T-250_0070.txt,0
lstm_clim_2,TestCLIM_N-5_T-250/returns,LSTM,0.8307210031347961,True,TestCLIM_N-5_T-250_0070.txt,2
lstm_clim_2,TestCLIM_N-5_T-250/returns,LSTM,0.923469387755102,True,TestCLIM_N-5_T-250_0070.txt,4
lstm_clim_2,TestCLIM_N-5_T-250/returns,LSTM,0.7594268476621417,True,TestCLIM_N-5_T-250_0073.txt,2
lstm_clim_2,TestCLIM_N-5_T-250/returns,LSTM,0.9001524390243902,True,TestCLIM_N-5_T-250_0167.txt,0
lstm_clim_2,TestCLIM_N-5_T-250/returns,LSTM,0.8729323308270677,True,TestCLIM_N-5_T-250_0167.txt,1
lstm_clim_2,TestCLIM_N-5_T-250/returns,LSTM,0.8403100775193798,True,TestCLIM_N-5_T-250_0167.txt,2
lstm_clim_2,TestCLIM_N-5_T-250/returns,LSTM,0.7277526395173454,True,TestCLIM_N-5_T-250_0007.txt,3
lstm_clim_2,TestCLIM_N-5_T-250/returns,LSTM,0.6982608695652174,True,TestCLIM_N-5_T-250_0173.txt,4
lstm_clim_2,TestCLIM_N-5_T-250/returns,LSTM,0.7688087774294671,True,TestCLIM_N-5_T-250_0156.txt,3
lstm_clim_2,TestCLIM_N-5_T-250/returns,LSTM,0.7454268292682927,True,TestCLIM_N-5_T-250_0013.txt,0
lstm_clim_2,TestCLIM_N-5_T-250/returns,LSTM,0.8010510510510511,True,TestCLIM_N-5_T-250_0013.txt,1
lstm_clim_2,TestCLIM_N-5_T-250/returns,LSTM,0.65284178187404,True,TestCLIM_N-5_T-250_0142.txt,2
lstm_clim_2,TestCLIM_N-5_T-250/returns,LSTM,0.8623188405797101,True,TestCLIM_N-5_T-250_0022.txt,0
lstm_clim_2,TestCLIM_N-5_T-250/returns,LSTM,0.6722222222222223,True,TestCLIM_N-5_T-250_0197.txt,4
lstm_clim_2,TestCLIM_N-5_T-250/returns,LSTM,0.8033536585365854,True,TestCLIM_N-5_T-250_0061.txt,3
lstm_clim_2,TestCLIM_N-5_T-250/returns,LSTM,0.707936507936508,True,TestCLIM_N-5_T-250_0056.txt,1
lstm_clim_2,TestCLIM_N-5_T-250/returns,LSTM,0.8491666666666667,True,TestCLIM_N-5_T-250_0056.txt,3
lstm_clim_2,TestCLIM_N-5_T-250/returns,LSTM,0.8001508295625943,True,TestCLIM_N-5_T-250_0023.txt,2
lstm_clim_2,TestCLIM_N-5_T-250/returns,LSTM,0.6968992248062016,True,TestCLIM_N-5_T-250_0005.txt,2
lstm_clim_2,TestCLIM_N-5_T-250/returns,LSTM,0.7241379310344828,True,TestCLIM_N-5_T-250_0143.txt,1
lstm_clim_2,TestCLIM_N-5_T-250/returns,LSTM,0.8544207317073171,True,TestCLIM_N-5_T-250_0033.txt,1
lstm_clim_2,TestCLIM_N-5_T-250/returns,LSTM,0.9016516516516516,True,TestCLIM_N-5_T-250_0033.txt,3
lstm_clim_2,TestCLIM_N-5_T-250/returns,LSTM,0.5483870967741935,True,TestCLIM_N-5_T-250_0115.txt,3
lstm_clim_2,TestCLIM_N-5_T-250/returns,LSTM,0.8102918586789555,True,TestCLIM_N-5_T-250_0184.txt,0
lstm_clim_2,TestCLIM_N-5_T-250/returns,LSTM,0.7196969696969697,True,TestCLIM_N-5_T-250_0039.txt,1
lstm_clim_2,TestCLIM_N-5_T-250/returns,LSTM,0.7681818181818182,True,TestCLIM_N-5_T-250_0035.txt,0
lstm_clim_2,TestCLIM_N-5_T-250/returns,LSTM,0.7507621951219513,True,TestCLIM_N-5_T-250_0035.txt,3
lstm_clim_2,TestCLIM_N-5_T-250/returns,LSTM,0.8948948948948949,True,TestCLIM_N-5_T-250_0030.txt,1
lstm_clim_2,TestCLIM_N-5_T-250/returns,LSTM,0.7286634460547504,True,TestCLIM_N-5_T-250_0030.txt,4
lstm_clim_2,TestCLIM_N-5_T-250/returns,LSTM,0.8093023255813955,True,TestCLIM_N-5_T-250_0002.txt,3
lstm_clim_2,TestCLIM_N-5_T-250/returns,LSTM,0.8213213213213214,True,TestCLIM_N-5_T-250_0027.txt,4
lstm_clim_2,TestCLIM_N-5_T-250/returns,LSTM,0.7186520376175548,True,TestCLIM_N-5_T-250_0110.txt,0
lstm_clim_2,TestCLIM_N-5_T-250/returns,LSTM,0.7883333333333333,True,TestCLIM_N-5_T-250_0110.txt,1
lstm_clim_2,TestCLIM_N-5_T-250/returns,LSTM,0.8813953488372093,True,TestCLIM_N-5_T-250_0110.txt,4
lstm_clim_2,TestCLIM_N-5_T-250/returns,LSTM,0.6937984496124031,True,TestCLIM_N-5_T-250_0148.txt,0
lstm_clim_2,TestCLIM_N-5_T-250/returns,LSTM,0.7294207317073171,True,TestCLIM_N-5_T-250_0148.txt,1
lstm_clim_2,TestCLIM_N-5_T-250/returns,LSTM,0.7144026186579379,True,TestCLIM_N-5_T-250_0148.txt,3
lstm_clim_2,TestCLIM_N-5_T-250/returns,LSTM,0.7143939393939395,True,TestCLIM_N-5_T-250_0063.txt,1
lstm_clim_2,TestCLIM_N-5_T-250/returns,LSTM,0.9121739130434784,True,TestCLIM_N-5_T-250_0121.txt,0
lstm_clim_2,TestCLIM_N-5_T-250/returns,LSTM,0.90282131661442,True,TestCLIM_N-5_T-250_0121.txt,1
lstm_clim_2,TestCLIM_N-5_T-250/returns,LSTM,0.9333333333333332,True,TestCLIM_N-5_T-250_0121.txt,3
lstm_clim_2,TestCLIM_N-5_T-250/returns,LSTM,0.7507507507507508,True,TestCLIM_N-5_T-250_0079.txt,4
lstm_clim_2,TestCLIM_N-5_T-250/returns,LSTM,0.7795698924731183,True,TestCLIM_N-5_T-250_0180.txt,1
lstm_clim_2,TestCLIM_N-5_T-250/returns,LSTM,0.8248772504091653,True,TestCLIM_N-5_T-250_0179.txt,0
lstm_clim_2,TestCLIM_N-5_T-250/returns,LSTM,0.804915514592934,True,TestCLIM_N-5_T-250_0016.txt,4
lstm_clim_2,TestCLIM_N-5_T-250/returns,LSTM,0.8010752688172044,True,TestCLIM_N-5_T-250_0101.txt,1
lstm_clim_2,TestCLIM_N-5_T-250/returns,LSTM,0.7911010558069382,True,TestCLIM_N-5_T-250_0101.txt,3
lstm_clim_2,TestCLIM_N-5_T-250/returns,LSTM,0.6383458646616541,True,TestCLIM_N-5_T-250_0080.txt,3
lstm_clim_2,TestCLIM_N-5_T-250/returns,LSTM,0.7954887218045112,True,TestCLIM_N-5_T-250_0096.txt,3
lstm_clim_2,TestCLIM_N-5_T-250/returns,LSTM,0.7345864661654136,True,TestCLIM_N-5_T-250_0075.txt,2
lstm_clim_2,TestCLIM_N-5_T-250/returns,LSTM,0.7653061224489796,True,TestCLIM_N-5_T-250_0003.txt,3
lstm_clim_2,TestCLIM_N-5_T-250/returns,LSTM,0.6989489489489489,True,TestCLIM_N-5_T-250_0130.txt,1
lstm_clim_2,TestCLIM_N-5_T-250/returns,LSTM,0.7803030303030303,True,TestCLIM_N-5_T-250_0146.txt,0
lstm_clim_2,TestCLIM_N-5_T-250/returns,LSTM,0.7599085365853658,True,TestCLIM_N-5_T-250_0146.txt,3
lstm_clim_2,TestCLIM_N-5_T-250/returns,LSTM,0.7246376811594203,True,TestCLIM_N-5_T-250_0083.txt,0
lstm_clim_2,TestCLIM_N-5_T-250/returns,LSTM,0.7995495495495496,True,TestCLIM_N-5_T-250_0083.txt,1
lstm_clim_2,TestCLIM_N-5_T-250/returns,LSTM,0.873015873015873,True,TestCLIM_N-5_T-250_0094.txt,0
lstm_clim_2,TestCLIM_N-5_T-250/returns,LSTM,0.7257575757575757,True,TestCLIM_N-5_T-250_0094.txt,2
lstm_clim_2,TestCLIM_N-5_T-250/returns,LSTM,0.8917682926829268,True,TestCLIM_N-5_T-250_0094.txt,4
xcm_fmri_2,fMRI_processed_by_Nauta/returns/our_selection,XCM_pytorch,0.7554697554697555,True,timeseries24.csv,0
xcm_fmri_2,fMRI_processed_by_Nauta/returns/our_selection,XCM_pytorch,0.787661406025825,True,timeseries24.csv,1
xcm_fmri_2,fMRI_processed_by_Nauta/returns/our_selection,XCM_pytorch,0.7408906882591093,True,timeseries24.csv,2
xcm_fmri_2,fMRI_processed_by_Nauta/returns/our_selection,XCM_pytorch,0.7759784075573549,True,timeseries24.csv,3
xcm_fmri_2,fMRI_processed_by_Nauta/returns/our_selection,XCM_pytorch,0.7340277777777778,True,timeseries24.csv,4
xcm_fmri_2,fMRI_processed_by_Nauta/returns/our_selection,XCM_pytorch,0.676470588235294,True,timeseries8.csv,0
xcm_fmri_2,fMRI_processed_by_Nauta/returns/our_selection,XCM_pytorch,0.55527950310559,True,timeseries8.csv,4
xcm_fmri_2,fMRI_processed_by_Nauta/returns/our_selection,XCM_pytorch,0.949129393713967,True,timeseries20.csv,0
xcm_fmri_2,fMRI_processed_by_Nauta/returns/our_selection,XCM_pytorch,0.9807574289405684,True,timeseries20.csv,1
xcm_fmri_2,fMRI_processed_by_Nauta/returns/our_selection,XCM_pytorch,0.9882935193484276,True,timeseries20.csv,2
xcm_fmri_2,fMRI_processed_by_Nauta/returns/our_selection,XCM_pytorch,0.8440072120802344,True,timeseries20.csv,3
xcm_fmri_2,fMRI_processed_by_Nauta/returns/our_selection,XCM_pytorch,0.9926957055311249,True,timeseries20.csv,4
xcm_fmri_2,fMRI_processed_by_Nauta/returns/our_selection,XCM_pytorch,0.6629398810638278,True,timeseries9.csv,0
xcm_fmri_2,fMRI_processed_by_Nauta/returns/our_selection,XCM_pytorch,0.7443249701314218,True,timeseries23.csv,0
xcm_fmri_2,fMRI_processed_by_Nauta/returns/our_selection,XCM_pytorch,0.8397683397683398,True,timeseries23.csv,1
xcm_fmri_2,fMRI_processed_by_Nauta/returns/our_selection,XCM_pytorch,0.7104637336504162,True,timeseries23.csv,3
xcm_fmri_2,fMRI_processed_by_Nauta/returns/our_selection,XCM_pytorch,0.7208333333333333,True,timeseries23.csv,4
xcm_fmri_2,fMRI_processed_by_Nauta/returns/our_selection,XCM_pytorch,0.9824594133290994,True,timeseries19.csv,1
xcm_fmri_2,fMRI_processed_by_Nauta/returns/our_selection,XCM_pytorch,0.9298859676908456,True,timeseries19.csv,2
xcm_fmri_2,fMRI_processed_by_Nauta/returns/our_selection,XCM_pytorch,0.9641909583583428,True,timeseries19.csv,3
xcm_fmri_2,fMRI_processed_by_Nauta/returns/our_selection,XCM_pytorch,0.9902263052460248,True,timeseries19.csv,4
xcm_fmri_2,fMRI_processed_by_Nauta/returns/our_selection,XCM_pytorch,0.7975708502024291,True,timeseries10.csv,1
xcm_fmri_2,fMRI_processed_by_Nauta/returns/our_selection,XCM_pytorch,0.6743886743886744,True,timeseries1.csv,4
xcm_fmri_2,fMRI_processed_by_Nauta/returns/our_selection,XCM_pytorch,0.8529411764705883,True,timeseries15.csv,1
